t,entropy
0.0,-7.263016593437817
0.01,-7.263013855974126
0.02,-7.2630084820942304
0.03,-7.263001679946676
0.04,-7.2629935057824415
0.05,-7.262984812622268
0.06,-7.26297426407241
0.07,-7.262960340675061
0.08,-7.262940197593791
0.09,-7.262904493228895
0.1,-7.262832816530622
0.11,-7.2626946284166385
0.12,-7.262450459578215
0.13,-7.262096065822595
0.14,-7.261594618711692
0.15,-7.260885116610433
0.16,-7.259996771442736
0.17,-7.259019846583057
0.18,-7.257975115784127
0.19,-7.2567877962629455
0.2,-7.255560855264059
